                  epoch,         train/box_loss,         train/cls_loss,         train/dfl_loss,   metrics/precision(B),      metrics/recall(B),       metrics/mAP50(B),    metrics/mAP50-95(B),           val/box_loss,           val/cls_loss,           val/dfl_loss,                 lr/pg0,                 lr/pg1,                 lr/pg2
                      1,                 1.7656,                 4.4814,                 1.2908,                0.00226,                0.73077,                0.00374,                0.00114,                 1.8196,                 5.2234,                 1.1402,                0.00052,                0.00052,                0.00052
                      2,                 1.6637,                 3.8486,                 1.2555,                0.00202,                0.65385,                0.01139,                0.00642,                 1.7154,                 5.4096,                 1.1368,             0.00085012,             0.00085012,             0.00085012
                      3,                 1.7834,                 3.9337,                  1.242,                0.00262,                0.84615,                0.15259,                0.04825,                 1.9074,                 5.0413,                 1.2007,              0.0009664,              0.0009664,              0.0009664
                      4,                 1.7209,                 3.4214,                 1.2673,                0.71593,                0.23077,                0.30498,                0.14832,                 1.7299,                  4.498,                 1.1073,               0.000812,               0.000812,               0.000812
                      5,                 1.6027,                 3.4197,                 1.1716,                0.31742,                0.30769,                0.21966,                0.11362,                  1.785,                 4.3872,                 1.1887,               0.000812,               0.000812,               0.000812
